ward_id,facility_count
119,0
7,0
26,1
174,0
132,0
37,0
70,0
101,0
60,0
16,1
200,0
86,0
147,0
157,0
0,0
189,0
17,0
19,0
20,0
21,1
18,0
15,0
1,0
2,1
3,0
4,2
6,0
5,1
8,0
9,0
10,0
11,0
12,1
13,1
14,0
22,1
23,0
32,1
24,0
25,0
29,0
28,0
27,0
30,0
33,0
31,0
34,0
35,3
44,0
45,0
36,2
46,1
47,1
48,0
42,0
43,4
39,1
40,0
41,1
38,0
64,0
65,0
67,0
68,0
66,1
77,0
73,0
71,0
69,0
72,0
74,0
75,0
78,0
76,0
53,2
51,0
49,1
50,1
54,0
55,0
56,0
52,0
57,0
61,0
58,0
63,0
62,0
59,0
94,0
100,0
99,0
95,0
96,0
97,0
105,0
104,0
107,0
98,0
103,0
102,0
108,0
106,0
109,0
112,0
110,0
111,0
114,0
116,0
115,0
113,0
117,0
122,0
126,0
124,0
125,0
123,0
118,0
120,0
121,0
79,0
80,0
83,0
81,0
82,0
85,0
84,0
93,0
90,0
91,0
92,0
88,0
87,0
89,0
192,0
193,0
194,0
195,0
196,0
197,0
198,0
199,0
191,0
183,0
185,0
184,0
186,0
187,0
169,0
168,0
190,0
188,0
179,0
182,0
181,0
176,0
173,0
170,0
171,0
175,0
180,0
172,0
177,0
178,0
160,0
161,0
165,0
159,0
156,0
158,0
167,0
166,0
164,0
162,0
163,0
150,0
153,0
149,0
152,0
155,0
154,0
151,0
146,0
143,0
145,0
144,0
148,0
127,0
136,0
128,1
129,0
138,0
137,0
142,0
139,0
140,0
141,0
134,0
135,0
133,0
131,0
130,0
